tag__name,tag__media_count
airbnb,1899965
airbnbhost,101419
airbnbphoto,111810
airbnblife,60267
airbnbexperience,47198
airbnbbkhalf,47121
airbnblove,25132
airbnbguide,25603
airbnbsuperhost,34720
airbnbfun,19360
airbnbhomes,17826
airbnbguest,16615
airbnboftheday,26463
airbnbopen,11585
airbnbexperiences,7290
airbnbreview,7265
airbnbhosts,7751
airbnbhome,5946
airbnbtravel,5881
airbnbpets,4919
airbnbviews,4809
airbnbstories,3726
airbnbtips,3461
airbnbpdx,3717
airbnbbrooklynhalf,3887
airbnbmanagement,2537
airbnbguests,3089
airbnbdesign,3307
airbnbhouse,2660
airbnbplaces,2408
airbnbpartner,2317
airbnbstudiostyleserviceapartments,1812
airbnbphotos,1661
airbnbcode,2147
airbnbdiscount,2093
airbnbcoupon,2074
airbnbhost,102188
airbnbhosts,7776
airbnbhosting,856
airbnbhosttip,366
airbnbhostess,285
airbnbhoststories,362
airbnbhostth,373
airbnbhostshop,182
airbnbhosttips,189
airbnbhostday,82
airbnbhostsonvacation,138
airbnbhost4u,140
airbnbhostservice,73
airbnbhostlife,55
airbnbhosthouston,49
airbnbhostsp,54
airbnbhostcommunity,52
airbnbhostontheroad,13
airbnbhostsofnyc,23
airbnbhoststraveltoo,30
airbnbhostingtips,24
airbnbhostsofinstagram,27
airbnbhostel,12
airbnbhostparty,8
airbnbhostsoftware,7
airbnbhostproblems,5
airbnbhostcat,6
airbnbhostesswiththemostest,5
airbnbhostoftheyear,3
airbnbhostonholiday,7
airbnbhostsandiego,7
airbnbhostrocks,4
airbnbhostocala,6
airbnbhoststory,1
airbnbhostsru,6
airbnbhostinglife,4
airbnbhostlove,3
airbnbhostmeetup,4
airbnbhostexperience,0
airbnbhostsonbreak,2
airbnbhostontravels,4
airbnbhostclub,3
airbnbphoto,112411
airbnbphotos,1662
airbnbphotographer,542
airbnbphotography,343
airbnbphototeam,234
airbnbphotooftheday,186
airbnbphotograph,30
airbnbphotoshoot,23
airbnbphotowalk,14
airbnbphotohm,12
airbnbphotog,12
airbnbphotocroatia,0
airbnbphotographers,8
airbnbphotoeverhome,8
airbnbphotographeronroad,5
airbnbphoto8,3
airbnbphotohttps,2
airbnbphotodept,1
airbnbphotoready,0
airbnbphotoagree,1
airbnbphotogonewrong,2
airbnbphotoday,1
airbnbphotodolci,1
airbnbphotographershome,1
airbnbphotobooth,1
airbnbphotographyrei,1
airbnbphotov,1
airbnbphotoyes,1
airbnbphoto?????,1
airbnbphotou,1
airbnbphoto????https,1
airbnbphotot,0
airbnbphotoairbnb,1
airbnbphotoexperience,1
airbnbphotograph?,0
airbnbphotographey,1
airbnbphotofail,1
airbnbphotorapher,1
airbnbphotoop,0
airbnblifestyle,1287
airbnblife??,1138
airbnblifeexperiences,23
airbnblife???,27
airbnblifeintp2017,0
airbnblife????,3
airbnblifewithtoddler,0
airbnblifephotographyrei,2
airbnblifeintp2018,0
airbnblifeintp,0
airbnblifers,0
airbnblifeo,1
airbnblifeforsure,0
airbnblifestlye,1
airbnbliferei,1
airbnblife????????,0
airbnblife??????,0
airbnblifephotography,1
airbnblifequotes,0
airbnblifelosangeles,1
airbnblifeisover,1
airbnblifebaby,1
airbnblifeworldtourists,1
airbnblifeap,0
airbnblife??,0
airbnblife??,0
airbnblife??,0
airbnblove,25425
airbnblovers,724
airbnblover,68
airbnbloversmagazine,59
airbnblovelens,13
airbnbloves,3
airbnblovewhereyouwork,0
airbnblovenotes,4
airbnblovestory,4
airbnblove??,3
airbnblovely,2
airbnblovelyguests,2
airbnbloversmagazines,3
airbnbloveland,3
airbnbloveus,2
airbnblovesus,0
airbnblovesrio,1
airbnbloveslyft,0
airbnbloveyou,1
airbnblovestotes,1
airbnblove?,0
airbnblovelunch,0
airbnblovelyapartment,0
airbnbloveteam,1
airbnblovee,0
airbnblovepdx,1
airbnbloveairbnbhomes,1
airbnblove????,0
airbnblovebeachtowel,1
airbnblovesme,0
airbnbloveexpedia,1
airbnbloverlover,0
airbnbexperience,48271
airbnbexperiences,7450
airbnbexperiencehost,135
airbnbexperiencelisbon,83
airbnbexperiencesnyc,111
airbnbexperiencessandiego,12
airbnbexperiencenyc,9
airbnbexperiencers,9
airbnbexperiencesbook,5
airbnbexperiencetours,3
airbnbexperiencenychost,3
airbnbexperiencelosangeles,6
airbnbexperience2015,0
airbnbexperiencesf,2
airbnbexperiencechicago,3
airbnbexperiencehosts,1
airbnbexperienceschicago,2
airbnbfun,19411
airbnbfunchal,40
airbnbfunfacts,7
airbnbfundao,0
airbnbfunny,4
airbnbfunbymyself,0
airbnbfund,2
airbnbfuncionando,1
airbnbfunky2beds,0
airbnbfunkar,1
airbnbfunkerfint,0
airbnbfunposttentcamping,0
airbnbfunz,0
airbnbfunighttime,0
airbnbfunb,0
airbnbfunspaces,1
airbnbfunfact,0
airbnbfunnystories,0
airbnbfun????,0
airbnbfun????,0
airbnbfunhouse,0
airbnbguest,16794
airbnbguests,3105
airbnbguestbook,184
airbnbguestsrock,56
airbnbguesthouse,30
airbnbguestrock,21
airbnbguestsarethebest,18
airbnbguestcommunication,20
airbnbguestmeetup,7
airbnbguestnote,4
airbnbguestreport,5
airbnbguests??,4
airbnbguestcheckout,0
airbnbguestsaresweet,5
airbnbguestart,5
airbnbguestsarethebestguests,4
airbnbguestfail,4
airbnbguestreview,2
airbnbguestlove,3
airbnbguestfails,4
airbnbguestgifts,2
airbnbguestgift,3
airbnbguestsguidetothegalaxy,3
airbnbguestguide,3
airbnbguestssofun,0
airbnbguestvera92yearsoldandstillrockinit,2
airbnbguestphotography,2
airbnbguests2016,2
airbnbguestroom,2
airbnbguestreviews,2
airbnbguestoftheweek,2
airbnbguestph,1
airbnbguestsucked,1
airbnbguestsdinner,0
airbnbguestlovedwillow,0
airbnbguestsloveashkers,0
airbnbguestscoming,0
airbnbguestleftovers,1
airbnbguestcookedit,1
airbnbguestsaresofunny,1
airbnbguestsgaveuspredents,0
airbnbguestsaredabest,1
airbnbguestsrule,0
airbnbgueststhatrock,0
airbnbguestsonly,0
airbnbgueststhatdrink,1
airbnbguestbreakfast,1
airbnbsuperhost,35115
airbnbsuperhosts,1082
airbnbsuperhostess,38
airbnbsuperhostschool,13
airbnbsuperhostagain,7
airbnbsuperhostcat,7
airbnbsuperhostinwellington,5
airbnbsuperhostspalmsprings,4
airbnbsuperhost??,3
airbnbsuperhostinhawaii,3
airbnbsuperhost??,2
airbnbsuperhostparty,2
airbnbsuperhoststatus,2
airbnbsuperhostsofkansas,1
airbnbsuperhostalwayscleaning,0
airbnbsuperhost2016,1
airbnbsuperhost??????,1
airbnbsuperhostjuly,1
airbnbsuperhostselect,1
airbnbsuperhostoceanside,1
airbnbsuperhostatx,2
airbnbsuperhostpro,0
airbnbsuperhost????,1
airbnbsuperhostpalmsprings,1
airbnbsuperhostexperience????,1
